start	end	text
0	2400	Nawet nie mogę poś westem,
2400	5040	ale szl驕 w naszym szkodzie jestうん苍 Testingowy.
5540	8660	Lawrence wby nie Tolkien Owety w stole picie rhoадноiteit.
9120	11700	Robots może ją mus illustrated po naszięki slotu,
11700	14760	ale proofy wiesz, że Półki nie jej nie Naturally.
14760	16640	Do 2015-ta treble theoretically,
16640	18900	tak I chciałbym naاض behem na piksowy wychyliwánczo
19460	23780	Momentowo, że to wychyliwne z jego daraltuń w wy AwayTwo´ z Amelbl doesn't devices
23780	27880	Следnie służyć za monumenty Harmon售 references
27880	29920	eliminating소리, podejście curvej przed chceszmar güzelnym?
